,satisfaction_level,last_evaluation,number_project,average_montly_hours,time_spend_company,Work_accident,left,promotion_last_5years
satisfaction_level,1.0,0.09816097356215463,-0.1244507199953006,-0.000985886024554936,-0.11573035824890149,0.049498510434699564,-0.34945901336105134,0.022986739522167534
last_evaluation,0.09816097356215463,1.0,0.27107193895630544,0.2806260016609239,0.0888993256763174,-0.00027241864711991415,0.005641281760575311,-0.004603126283087525
number_project,-0.1244507199953006,0.27107193895630544,1.0,0.3373755050878348,0.17338689284760309,-0.0035337817986014824,0.0167208329134382,-0.005903782091089911
average_montly_hours,-0.000985886024554936,0.2806260016609239,0.3373755050878348,1.0,0.09551479393094443,-0.008857731285219002,0.06387479903024249,-0.0010108034685913782
time_spend_company,-0.11573035824890149,0.0888993256763174,0.17338689284760309,0.09551479393094443,1.0,0.014550965101477454,0.12580136688006624,0.06776556852778556
Work_accident,0.049498510434699564,-0.00027241864711991415,-0.0035337817986014824,-0.008857731285219002,0.014550965101477454,1.0,-0.12982621889437945,0.044378534553380235
left,-0.34945901336105134,0.005641281760575311,0.0167208329134382,0.06387479903024249,0.12580136688006624,-0.12982621889437945,1.0,-0.056203563306025085
promotion_last_5years,0.022986739522167534,-0.004603126283087525,-0.005903782091089911,-0.0010108034685913782,0.06776556852778556,0.044378534553380235,-0.056203563306025085,1.0
